Bus, BasekV, Node1, Magnitude1, Angle1, pu1, Node2, Magnitude2, Angle2, pu2, Node3, Magnitude3, Angle3, pu3
"1", 13.8, 1,    7964.58,    0.0,   0.99964, 2,    7964.58, -120.0,   0.99964, 3,    7964.58,  120.0,   0.99964
"2012B", 0.22, 1,    125.743,  -30.5,   0.98997, 2,    125.744, -150.5,   0.98997, 3,    125.744,   89.5,   0.98997
"2018B", 0.22, 1,    125.793,  -30.4,   0.99036, 2,    125.793, -150.4,   0.99037, 3,    125.793,   89.6,   0.99037
"2030B", 0.22, 1,    127.425,  -28.9,    1.0032, 2,    127.426, -148.9,    1.0032, 3,    127.425,   91.1,    1.0032
"2044B", 0.22, 1,    125.594,  -30.5,   0.98879, 2,    125.594, -150.5,   0.98879, 3,    125.594,   89.5,   0.98879
"2057B", 0.22, 1,    125.518,  -30.5,    0.9882, 2,    125.518, -150.5,    0.9882, 3,    125.518,   89.5,    0.9882
"2061B", 0.22, 1,    125.518,  -30.5,    0.9882, 2,    125.518, -150.5,    0.9882, 3,    125.518,   89.5,    0.9882
"2065B", 0.22, 1,    125.442,  -30.5,    0.9876, 2,    125.443, -150.5,    0.9876, 3,    125.443,   89.5,   0.98761
"2071B", 0.22, 1,    125.347,  -30.5,   0.98685, 2,    125.347, -150.5,   0.98685, 3,    125.348,   89.5,   0.98686
"2076B", 0.22, 1,    125.346,  -30.5,   0.98684, 2,    125.346, -150.5,   0.98684, 3,    125.346,   89.5,   0.98685
"2088B", 0.22, 1,    125.288,  -30.5,   0.98638, 2,    125.288, -150.5,   0.98639, 3,    125.288,   89.5,   0.98639
"2091B", 0.22, 1,    125.287,  -30.5,   0.98638, 2,    125.287, -150.5,   0.98638, 3,    125.287,   89.5,   0.98638
"2097B", 0.22, 1,    125.238,  -30.5,   0.98599, 2,    125.238, -150.5,     0.986, 3,    125.238,   89.5,     0.986
"2098B", 0.22, 1,    125.221,  -30.5,   0.98586, 2,    125.221, -150.5,   0.98586, 3,    125.222,   89.5,   0.98587
"2106B", 0.22, 1,    125.202,  -30.5,   0.98571, 2,    125.202, -150.5,   0.98571, 3,    125.203,   89.5,   0.98572
"2113B", 0.22, 1,    125.152,  -30.5,   0.98531, 2,    125.152, -150.5,   0.98532, 3,    125.152,   89.5,   0.98532
"2125B", 0.22, 1,    125.146,  -30.5,   0.98527, 2,    125.147, -150.5,   0.98527, 3,    125.147,   89.5,   0.98528
"2127B", 0.22, 1,    125.149,  -30.5,    0.9853, 2,     125.15, -150.5,    0.9853, 3,     125.15,   89.5,    0.9853
"2137B", 0.22, 1,    125.086,  -30.5,   0.98479, 2,    125.086, -150.5,    0.9848, 3,    125.086,   89.5,    0.9848
"2141B", 0.22, 1,    125.085,  -30.5,   0.98479, 2,    125.085, -150.5,   0.98479, 3,    125.086,   89.5,    0.9848
"2142B", 0.22, 1,    125.073,  -30.5,   0.98469, 2,    125.073, -150.5,   0.98469, 3,    125.073,   89.5,    0.9847
"2148B", 0.22, 1,    125.011,  -30.5,    0.9842, 2,    125.011, -150.5,   0.98421, 3,    125.011,   89.5,   0.98421
"2152B", 0.22, 1,    124.951,  -30.5,   0.98373, 2,    124.951, -150.5,   0.98374, 3,    124.952,   89.5,   0.98374
"2159B", 0.22, 1,    124.919,  -30.5,   0.98348, 2,    124.919, -150.5,   0.98348, 3,     124.92,   89.5,   0.98349
"2166B", 0.22, 1,     124.89,  -30.5,   0.98325, 2,     124.89, -150.5,   0.98326, 3,    124.891,   89.5,   0.98326
"2168B", 0.22, 1,    124.864,  -30.5,   0.98305, 2,    124.865, -150.5,   0.98305, 3,    124.865,   89.5,   0.98306
"2176B", 0.22, 1,    124.767,  -30.5,   0.98229, 2,    124.767, -150.5,   0.98229, 3,    124.768,   89.5,   0.98229
"2184B", 0.22, 1,    124.726,  -30.5,   0.98197, 2,    124.727, -150.5,   0.98197, 3,    124.727,   89.5,   0.98197
"2190B", 0.22, 1,    124.701,  -30.5,   0.98176, 2,    124.701, -150.5,   0.98177, 3,    124.702,   89.5,   0.98177
"2193B", 0.22, 1,    124.677,  -30.5,   0.98158, 2,    124.678, -150.5,   0.98158, 3,    124.678,   89.5,   0.98159
"2199B", 0.22, 1,    124.653,  -30.5,   0.98139, 2,    124.653, -150.5,   0.98139, 3,    124.654,   89.5,   0.98139
"2200B", 0.22, 1,    124.643,  -30.5,   0.98131, 2,    124.643, -150.5,   0.98131, 3,    124.644,   89.5,   0.98131
"2220B", 0.22, 1,    124.552,  -30.5,   0.98059, 2,    124.552, -150.5,    0.9806, 3,    124.553,   89.5,    0.9806
"2231B", 0.22, 1,    124.549,  -30.5,   0.98057, 2,    124.549, -150.5,   0.98057, 3,     124.55,   89.5,   0.98058
"2237B", 0.22, 1,     124.55,  -30.5,   0.98058, 2,     124.55, -150.5,   0.98058, 3,    124.551,   89.5,   0.98058
"2241B", 0.22, 1,    124.548,  -30.5,   0.98056, 2,    124.548, -150.5,   0.98056, 3,    124.549,   89.5,   0.98057
"2250B", 0.22, 1,    124.545,  -30.5,   0.98054, 2,    124.546, -150.5,   0.98054, 3,    124.546,   89.5,   0.98055
"2253B", 0.22, 1,    124.544,  -30.5,   0.98053, 2,    124.544, -150.5,   0.98053, 3,    124.545,   89.5,   0.98054
"2259B", 0.22, 1,    124.555,  -30.5,   0.98061, 2,    124.555, -150.5,   0.98062, 3,    124.556,   89.5,   0.98062
"2261B", 0.22, 1,    124.551,  -30.5,   0.98058, 2,    124.551, -150.5,   0.98059, 3,    124.552,   89.5,   0.98059
"2269B", 0.22, 1,    124.537,  -30.5,   0.98048, 2,    124.538, -150.5,   0.98048, 3,    124.539,   89.5,   0.98049
"2274B", 0.22, 1,    124.536,  -30.5,   0.98046, 2,    124.536, -150.5,   0.98047, 3,    124.537,   89.5,   0.98047
"2279B", 0.22, 1,    124.529,  -30.5,   0.98041, 2,    124.529, -150.5,   0.98041, 3,     124.53,   89.5,   0.98042
"2286B", 0.22, 1,    124.522,  -30.5,   0.98036, 2,    124.522, -150.5,   0.98036, 3,    124.523,   89.5,   0.98036
"2288B", 0.22, 1,    124.521,  -30.5,   0.98035, 2,    124.522, -150.5,   0.98035, 3,    124.522,   89.5,   0.98036
"2290B", 0.22, 1,    124.523,  -30.5,   0.98037, 2,    124.524, -150.5,   0.98037, 3,    124.524,   89.5,   0.98037
"2294B", 0.22, 1,    124.521,  -30.5,   0.98035, 2,    124.521, -150.5,   0.98035, 3,    124.522,   89.5,   0.98036
"2296B", 0.22, 1,    124.521,  -30.5,   0.98035, 2,    124.521, -150.5,   0.98035, 3,    124.522,   89.5,   0.98036
"2304B", 0.22, 1,    124.494,  -30.5,   0.98014, 2,    124.495, -150.5,   0.98014, 3,    124.495,   89.5,   0.98015
"2306B", 0.22, 1,    124.495,  -30.5,   0.98014, 2,    124.496, -150.5,   0.98015, 3,    124.496,   89.5,   0.98015
"2314B", 0.22, 1,    124.489,  -30.5,    0.9801, 2,     124.49, -150.5,    0.9801, 3,     124.49,   89.5,   0.98011
"2318B", 0.22, 1,    124.486,  -30.5,   0.98008, 2,    124.487, -150.5,   0.98008, 3,    124.487,   89.5,   0.98008
"2323B", 0.22, 1,    124.497,  -30.5,   0.98016, 2,    124.497, -150.5,   0.98016, 3,    124.498,   89.5,   0.98017
"2327B", 0.22, 1,    124.468,  -30.5,   0.97993, 2,    124.468, -150.5,   0.97993, 3,    124.469,   89.5,   0.97994
"2332B", 0.22, 1,    124.454,  -30.5,   0.97982, 2,    124.455, -150.5,   0.97983, 3,    124.456,   89.5,   0.97983
"2337B", 0.22, 1,    124.929,  -30.3,   0.98356, 2,    124.929, -150.3,   0.98356, 3,     124.93,   89.7,   0.98357
"2342B", 0.22, 1,    124.446,  -30.5,   0.97976, 2,    124.447, -150.5,   0.97976, 3,    124.448,   89.5,   0.97977
"2347B", 0.22, 1,    124.446,  -30.5,   0.97975, 2,    124.446, -150.5,   0.97976, 3,    124.447,   89.5,   0.97976
"2352B", 13.8, 1,          0,    0.0,         0, 2,          0,    0.0,         0, 3,          0,    0.0,         0
"2353B", 0.22, 1,    124.447,  -30.5,   0.97977, 2,    124.448, -150.5,   0.97977, 3,    124.448,   89.5,   0.97978
"2354B", 0.22, 1,    124.832,  -30.3,    0.9828, 2,    124.832, -150.3,    0.9828, 3,    124.833,   89.7,   0.98281
"2360B", 0.22, 1,    124.831,  -30.3,   0.98279, 2,    124.832, -150.3,    0.9828, 3,    124.833,   89.7,    0.9828
"2012", 13.8, 1,     7957.2,    0.0,   0.99872, 2,    7957.21, -120.0,   0.99872, 3,     7957.2,  120.0,   0.99872
"2018", 13.8, 1,     7960.3,    0.1,   0.99911, 2,    7960.31, -119.9,   0.99911, 3,     7960.3,  120.1,    0.9991
"2030", 13.8, 1,    7969.23,    0.1,    1.0002, 2,    7969.23, -119.9,    1.0002, 3,    7969.21,  120.1,    1.0002
"2044", 13.8, 1,    7947.85,    0.0,   0.99754, 2,    7947.87, -120.0,   0.99754, 3,    7947.86,  120.0,   0.99754
"2057", 13.8, 1,    7943.14,    0.0,   0.99695, 2,    7943.16, -120.0,   0.99695, 3,    7943.15,  120.0,   0.99695
"2061", 13.8, 1,    7943.14,    0.0,   0.99695, 2,    7943.16, -120.0,   0.99695, 3,    7943.15,  120.0,   0.99695
"2065", 13.8, 1,    7938.45,    0.0,   0.99636, 2,    7938.47, -120.0,   0.99636, 3,    7938.46,  120.0,   0.99636
"2071", 13.8, 1,    7932.49,    0.0,   0.99561, 2,    7932.52, -120.0,   0.99562, 3,    7932.51,  120.0,   0.99562
"2076", 13.8, 1,    7932.41,    0.0,    0.9956, 2,    7932.44, -120.0,   0.99561, 3,    7932.43,  120.0,   0.99561
"2088", 13.8, 1,    7928.77,    0.0,   0.99515, 2,    7928.81, -120.0,   0.99515, 3,     7928.8,  120.0,   0.99515
"2091", 13.8, 1,    7928.72,    0.0,   0.99514, 2,    7928.76, -120.0,   0.99515, 3,    7928.75,  120.0,   0.99514
"2097", 13.8, 1,    7925.68,    0.0,   0.99476, 2,    7925.72, -120.0,   0.99476, 3,    7925.71,  120.0,   0.99476
"2098", 13.8, 1,    7924.64,    0.0,   0.99463, 2,    7924.67, -120.0,   0.99463, 3,    7924.66,  120.0,   0.99463
"2106", 13.8, 1,    7923.44,    0.0,   0.99448, 2,    7923.48, -120.0,   0.99448, 3,    7923.47,  120.0,   0.99448
"2113", 13.8, 1,     7920.3,    0.0,   0.99408, 2,    7920.35, -120.0,   0.99409, 3,    7920.33,  120.0,   0.99409
"2125", 13.8, 1,    7919.98,    0.0,   0.99404, 2,    7920.03, -120.0,   0.99405, 3,    7920.01,  120.0,   0.99405
"2127", 13.8, 1,    7920.17,    0.0,   0.99407, 2,    7920.21, -120.0,   0.99407, 3,     7920.2,  120.0,   0.99407
"2137", 13.8, 1,    7916.19,    0.0,   0.99357, 2,    7916.24, -120.0,   0.99357, 3,    7916.22,  120.0,   0.99357
"2141", 13.8, 1,    7916.16,    0.0,   0.99356, 2,     7916.2, -120.0,   0.99357, 3,    7916.19,  120.0,   0.99357
"2142", 13.8, 1,    7915.38,    0.0,   0.99347, 2,    7915.42, -120.0,   0.99347, 3,    7915.41,  120.0,   0.99347
"2148", 13.8, 1,    7911.52,    0.0,   0.99298, 2,    7911.57, -120.0,   0.99299, 3,    7911.55,  120.0,   0.99299
"2152", 13.8, 1,    7907.79,    0.0,   0.99251, 2,    7907.84, -120.0,   0.99252, 3,    7907.83,  120.0,   0.99252
"2159", 13.8, 1,     7905.8,    0.0,   0.99226, 2,    7905.86, -120.0,   0.99227, 3,    7905.84,  120.0,   0.99227
"2166", 13.8, 1,    7904.01,    0.0,   0.99204, 2,    7904.06, -120.0,   0.99205, 3,    7904.05,  120.0,   0.99204
"2168", 13.8, 1,     7902.4,    0.0,   0.99184, 2,    7902.46, -120.0,   0.99184, 3,    7902.44,  120.0,   0.99184
"2176", 13.8, 1,    7896.34,    0.0,   0.99108, 2,    7896.41, -120.0,   0.99109, 3,    7896.39,  120.0,   0.99108
"2184", 13.8, 1,     7893.8,    0.0,   0.99076, 2,    7893.87, -120.0,   0.99077, 3,    7893.85,  120.0,   0.99076
"2190", 13.8, 1,     7892.2,    0.0,   0.99056, 2,    7892.27, -120.0,   0.99057, 3,    7892.25,  120.0,   0.99056
"2193", 13.8, 1,    7890.75,    0.0,   0.99038, 2,    7890.82, -120.0,   0.99038, 3,     7890.8,  120.0,   0.99038
"2199", 13.8, 1,    7889.21,    0.0,   0.99018, 2,    7889.28, -120.0,   0.99019, 3,    7889.27,  120.0,   0.99019
"2200", 13.8, 1,    7888.59,    0.0,    0.9901, 2,    7888.66, -120.0,   0.99011, 3,    7888.64,  120.0,   0.99011
"2219", 13.8, 1,    7882.91,    0.0,   0.98939, 2,    7882.99, -120.0,    0.9894, 3,    7882.97,  120.0,    0.9894
"2231", 13.8, 1,    7882.72,    0.0,   0.98937, 2,     7882.8, -120.0,   0.98938, 3,    7882.78,  120.0,   0.98938
"2237", 13.8, 1,    7882.79,    0.0,   0.98938, 2,    7882.86, -120.0,   0.98939, 3,    7882.85,  120.0,   0.98938
"2241", 13.8, 1,    7882.65,    0.0,   0.98936, 2,    7882.72, -120.0,   0.98937, 3,    7882.71,  120.0,   0.98937
"2250", 13.8, 1,     7882.5,    0.0,   0.98934, 2,    7882.58, -120.0,   0.98935, 3,    7882.56,  120.0,   0.98935
"2253", 13.8, 1,    7882.42,    0.0,   0.98933, 2,    7882.49, -120.0,   0.98934, 3,    7882.48,  120.0,   0.98934
"2259", 13.8, 1,    7883.08,    0.0,   0.98941, 2,    7883.16, -120.0,   0.98942, 3,    7883.14,  120.0,   0.98942
"2261", 13.8, 1,    7882.85,    0.0,   0.98938, 2,    7882.92, -120.0,   0.98939, 3,    7882.91,  120.0,   0.98939
"2269", 13.8, 1,    7882.03,    0.0,   0.98928, 2,    7882.11, -120.0,   0.98929, 3,    7882.09,  120.0,   0.98929
"2274", 13.8, 1,    7881.91,    0.0,   0.98927, 2,    7881.99, -120.0,   0.98928, 3,    7881.97,  120.0,   0.98927
"2279", 13.8, 1,    7881.47,    0.0,   0.98921, 2,    7881.55, -120.0,   0.98922, 3,    7881.53,  120.0,   0.98922
"2286", 13.8, 1,    7881.04,    0.0,   0.98916, 2,    7881.12, -120.0,   0.98917, 3,    7881.11,  120.0,   0.98916
"2288", 13.8, 1,    7881.01,    0.0,   0.98915, 2,    7881.08, -120.0,   0.98916, 3,    7881.07,  120.0,   0.98916
"2290", 13.8, 1,    7881.12,    0.0,   0.98917, 2,     7881.2, -120.0,   0.98918, 3,    7881.18,  120.0,   0.98917
"2294", 13.8, 1,    7880.98,    0.0,   0.98915, 2,    7881.06, -120.0,   0.98916, 3,    7881.05,  120.0,   0.98916
"2296", 13.8, 1,    7880.98,    0.0,   0.98915, 2,    7881.05, -120.0,   0.98916, 3,    7881.04,  120.0,   0.98916
"2304", 13.8, 1,    7879.35,    0.0,   0.98895, 2,    7879.43, -120.0,   0.98896, 3,    7879.42,  120.0,   0.98895
"2306", 13.8, 1,    7879.39,    0.0,   0.98895, 2,    7879.47, -120.0,   0.98896, 3,    7879.45,  120.0,   0.98896
"2314", 13.8, 1,    7879.03,    0.0,    0.9889, 2,    7879.11, -120.0,   0.98891, 3,     7879.1,  120.0,   0.98891
"2318", 13.8, 1,    7878.84,    0.0,   0.98888, 2,    7878.92, -120.0,   0.98889, 3,     7878.9,  120.0,   0.98889
"2323", 13.8, 1,    7879.51,    0.0,   0.98896, 2,    7879.59, -120.0,   0.98897, 3,    7879.57,  120.0,   0.98897
"2327", 13.8, 1,    7877.69,    0.0,   0.98874, 2,    7877.77, -120.0,   0.98875, 3,    7877.76,  120.0,   0.98874
"2332", 13.8, 1,    7876.85,    0.0,   0.98863, 2,    7876.93, -120.0,   0.98864, 3,    7876.91,  120.0,   0.98864
"2337", 13.8, 1,    7876.48,    0.0,   0.98858, 2,    7876.56, -120.0,   0.98859, 3,    7876.55,  120.0,   0.98859
"2342", 13.8, 1,    7876.35,    0.0,   0.98857, 2,    7876.43, -120.0,   0.98858, 3,    7876.42,  120.0,   0.98858
"2347", 13.8, 1,     7876.3,    0.0,   0.98856, 2,    7876.38, -120.0,   0.98857, 3,    7876.36,  120.0,   0.98857
"2353", 13.8, 1,     7876.4,    0.0,   0.98857, 2,    7876.48, -120.0,   0.98858, 3,    7876.47,  120.0,   0.98858
"2354", 13.8, 1,    7876.39,    0.0,   0.98857, 2,    7876.47, -120.0,   0.98858, 3,    7876.45,  120.0,   0.98858
"2360", 13.8, 1,    7876.35,    0.0,   0.98857, 2,    7876.43, -120.0,   0.98858, 3,    7876.41,  120.0,   0.98858
"2001", 13.8, 1,    7962.75,    0.0,   0.99941, 2,    7962.75, -120.0,   0.99941, 3,    7962.75,  120.0,   0.99941
"2002", 13.8, 1,     7962.2,    0.0,   0.99934, 2,     7962.2, -120.0,   0.99934, 3,     7962.2,  120.0,   0.99934
"2003", 13.8, 1,    7961.65,    0.0,   0.99927, 2,    7961.66, -120.0,   0.99927, 3,    7961.65,  120.0,   0.99927
"2004", 13.8, 1,    7961.58,    0.0,   0.99927, 2,    7961.58, -120.0,   0.99927, 3,    7961.58,  120.0,   0.99927
"2005", 13.8, 1,    7961.03,    0.0,    0.9992, 2,    7961.04, -120.0,    0.9992, 3,    7961.03,  120.0,    0.9992
"2006", 13.8, 1,    7960.48,    0.0,   0.99913, 2,    7960.49, -120.0,   0.99913, 3,    7960.49,  120.0,   0.99913
"2007", 13.8, 1,    7959.94,    0.0,   0.99906, 2,    7959.94, -120.0,   0.99906, 3,    7959.94,  120.0,   0.99906
"2008", 13.8, 1,    7959.39,    0.0,   0.99899, 2,    7959.39, -120.0,   0.99899, 3,    7959.39,  120.0,   0.99899
"2009", 13.8, 1,    7958.84,    0.0,   0.99892, 2,    7958.85, -120.0,   0.99892, 3,    7958.84,  120.0,   0.99892
"2010", 13.8, 1,    7958.29,    0.0,   0.99885, 2,     7958.3, -120.0,   0.99885, 3,    7958.29,  120.0,   0.99885
"2011", 13.8, 1,    7957.75,    0.0,   0.99878, 2,    7957.75, -120.0,   0.99878, 3,    7957.75,  120.0,   0.99878
"2013", 13.8, 1,    7956.67,    0.1,   0.99865, 2,    7956.67, -119.9,   0.99865, 3,    7956.67,  120.1,   0.99865
"2014", 13.8, 1,    7957.39,    0.1,   0.99874, 2,     7957.4, -119.9,   0.99874, 3,    7957.39,  120.1,   0.99874
"2015", 13.8, 1,    7958.12,    0.1,   0.99883, 2,    7958.13, -119.9,   0.99883, 3,    7958.12,  120.1,   0.99883
"2016", 13.8, 1,    7958.85,    0.1,   0.99892, 2,    7958.85, -119.9,   0.99892, 3,    7958.85,  120.1,   0.99892
"2017", 13.8, 1,    7959.58,    0.1,   0.99901, 2,    7959.58, -119.9,   0.99901, 3,    7959.57,  120.1,   0.99901
"2019", 13.8, 1,    7961.05,    0.1,    0.9992, 2,    7961.05, -119.9,    0.9992, 3,    7961.04,  120.1,    0.9992
"2020", 13.8, 1,    7961.79,    0.1,   0.99929, 2,    7961.79, -119.9,   0.99929, 3,    7961.78,  120.1,   0.99929
"2021", 13.8, 1,    7962.53,    0.1,   0.99939, 2,    7962.54, -119.9,   0.99939, 3,    7962.53,  120.1,   0.99938
"2022", 13.8, 1,    7963.28,    0.1,   0.99948, 2,    7963.28, -119.9,   0.99948, 3,    7963.27,  120.1,   0.99948
"2023", 13.8, 1,    7964.02,    0.1,   0.99957, 2,    7964.02, -119.9,   0.99957, 3,    7964.01,  120.1,   0.99957
"2024", 13.8, 1,    7964.76,    0.1,   0.99967, 2,    7964.77, -119.9,   0.99967, 3,    7964.75,  120.1,   0.99966
"2025", 13.8, 1,    7965.51,    0.1,   0.99976, 2,    7965.51, -119.9,   0.99976, 3,     7965.5,  120.1,   0.99976
"2026", 13.8, 1,    7966.25,    0.1,   0.99985, 2,    7966.25, -119.9,   0.99985, 3,    7966.24,  120.1,   0.99985
"2027", 13.8, 1,       7967,    0.1,   0.99995, 2,       7967, -119.9,   0.99995, 3,    7966.98,  120.1,   0.99994
"2028", 13.8, 1,    7967.74,    0.1,         1, 2,    7967.74, -119.9,         1, 3,    7967.72,  120.1,         1
"2029", 13.8, 1,    7968.48,    0.1,    1.0001, 2,    7968.48, -119.9,    1.0001, 3,    7968.47,  120.1,    1.0001
"2031", 13.8, 1,    7969.23,    0.1,    1.0002, 2,    7969.23, -119.9,    1.0002, 3,    7969.21,  120.1,    1.0002
"2032", 13.8, 1,    7969.23,    0.1,    1.0002, 2,    7969.23, -119.9,    1.0002, 3,    7969.21,  120.1,    1.0002
"2033", 13.8, 1,    7969.23,    0.1,    1.0002, 2,    7969.23, -119.9,    1.0002, 3,    7969.21,  120.1,    1.0002
"2034", 13.8, 1,    7969.23,    0.1,    1.0002, 2,    7969.23, -119.9,    1.0002, 3,    7969.21,  120.1,    1.0002
"2035", 13.8, 1,    7969.23,    0.1,    1.0002, 2,    7969.23, -119.9,    1.0002, 3,    7969.21,  120.1,    1.0002
"2036", 13.8, 1,    7969.23,    0.1,    1.0002, 2,    7969.23, -119.9,    1.0002, 3,    7969.21,  120.1,    1.0002
"2037", 13.8, 1,    7969.23,    0.1,    1.0002, 2,    7969.23, -119.9,    1.0002, 3,    7969.21,  120.1,    1.0002
"2038", 13.8, 1,    7955.41,    0.1,   0.99849, 2,    7955.42, -119.9,   0.99849, 3,    7955.41,  120.1,   0.99849
"2039", 13.8, 1,    7954.15,    0.1,   0.99833, 2,    7954.16, -119.9,   0.99833, 3,    7954.15,  120.1,   0.99833
"2040", 13.8, 1,    7952.89,    0.1,   0.99817, 2,     7952.9, -120.0,   0.99818, 3,    7952.89,  120.0,   0.99817
"2041", 13.8, 1,    7951.63,    0.0,   0.99802, 2,    7951.64, -120.0,   0.99802, 3,    7951.63,  120.0,   0.99802
"2042", 13.8, 1,    7950.37,    0.0,   0.99786, 2,    7950.38, -120.0,   0.99786, 3,    7950.38,  120.0,   0.99786
"2043", 13.8, 1,    7949.11,    0.0,    0.9977, 2,    7949.13, -120.0,    0.9977, 3,    7949.12,  120.0,    0.9977
"2045", 13.8, 1,    7946.61,    0.0,   0.99739, 2,    7946.63, -120.0,   0.99739, 3,    7946.62,  120.0,   0.99739
"2046", 13.8, 1,    7946.19,    0.0,   0.99733, 2,    7946.21, -120.0,   0.99734, 3,     7946.2,  120.0,   0.99734
"2047", 13.8, 1,    7945.78,    0.0,   0.99728, 2,     7945.8, -120.0,   0.99728, 3,    7945.79,  120.0,   0.99728
"2048", 13.8, 1,    7944.54,    0.0,   0.99713, 2,    7944.56, -120.0,   0.99713, 3,    7944.55,  120.0,   0.99713
"2049", 13.8, 1,    7943.29,    0.0,   0.99697, 2,    7943.31, -120.0,   0.99697, 3,     7943.3,  120.0,   0.99697
"2050", 13.8, 1,    7943.28,    0.0,   0.99697, 2,     7943.3, -120.0,   0.99697, 3,    7943.29,  120.0,   0.99697
"2051", 13.8, 1,    7943.27,    0.0,   0.99697, 2,    7943.29, -120.0,   0.99697, 3,    7943.28,  120.0,   0.99697
"2052", 13.8, 1,    7943.23,    0.0,   0.99696, 2,    7943.26, -120.0,   0.99697, 3,    7943.25,  120.0,   0.99696
"2053", 13.8, 1,     7943.2,    0.0,   0.99696, 2,    7943.22, -120.0,   0.99696, 3,    7943.21,  120.0,   0.99696
"2054", 13.8, 1,    7943.19,    0.0,   0.99696, 2,    7943.21, -120.0,   0.99696, 3,     7943.2,  120.0,   0.99696
"2055", 13.8, 1,    7943.17,    0.0,   0.99695, 2,    7943.19, -120.0,   0.99696, 3,    7943.18,  120.0,   0.99696
"2056", 13.8, 1,    7943.16,    0.0,   0.99695, 2,    7943.18, -120.0,   0.99696, 3,    7943.17,  120.0,   0.99695
"2058", 13.8, 1,    7943.19,    0.0,   0.99696, 2,    7943.21, -120.0,   0.99696, 3,     7943.2,  120.0,   0.99696
"2059", 13.8, 1,    7943.17,    0.0,   0.99695, 2,    7943.19, -120.0,   0.99696, 3,    7943.18,  120.0,   0.99696
"2060", 13.8, 1,    7943.16,    0.0,   0.99695, 2,    7943.18, -120.0,   0.99696, 3,    7943.17,  120.0,   0.99695
"2062", 13.8, 1,    7942.08,    0.0,   0.99682, 2,     7942.1, -120.0,   0.99682, 3,    7942.09,  120.0,   0.99682
"2063", 13.8, 1,    7940.87,    0.0,   0.99667, 2,    7940.89, -120.0,   0.99667, 3,    7940.88,  120.0,   0.99667
"2064", 13.8, 1,    7939.66,    0.0,   0.99651, 2,    7939.68, -120.0,   0.99652, 3,    7939.67,  120.0,   0.99652
"2066", 13.8, 1,    7937.26,    0.0,   0.99621, 2,    7937.29, -120.0,   0.99622, 3,    7937.28,  120.0,   0.99622
"2067", 13.8, 1,    7936.08,    0.0,   0.99606, 2,     7936.1, -120.0,   0.99607, 3,    7936.09,  120.0,   0.99607
"2068", 13.8, 1,    7934.89,    0.0,   0.99592, 2,    7934.92, -120.0,   0.99592, 3,    7934.91,  120.0,   0.99592
"2069", 13.8, 1,    7933.71,    0.0,   0.99577, 2,    7933.74, -120.0,   0.99577, 3,    7933.73,  120.0,   0.99577
"2070", 13.8, 1,    7932.52,    0.0,   0.99562, 2,    7932.55, -120.0,   0.99562, 3,    7932.54,  120.0,   0.99562
"2072", 13.8, 1,    7932.47,    0.0,   0.99561, 2,     7932.5, -120.0,   0.99562, 3,    7932.49,  120.0,   0.99561
"2073", 13.8, 1,    7932.46,    0.0,   0.99561, 2,    7932.49, -120.0,   0.99561, 3,    7932.48,  120.0,   0.99561
"2074", 13.8, 1,    7932.44,    0.0,   0.99561, 2,    7932.47, -120.0,   0.99561, 3,    7932.46,  120.0,   0.99561
"2075", 13.8, 1,    7932.43,    0.0,   0.99561, 2,    7932.46, -120.0,   0.99561, 3,    7932.45,  120.0,   0.99561
"2077", 13.8, 1,    7931.37,    0.0,   0.99547, 2,     7931.4, -120.0,   0.99548, 3,    7931.39,  120.0,   0.99548
"2078", 13.8, 1,    7930.22,    0.0,   0.99533, 2,    7930.25, -120.0,   0.99533, 3,    7930.24,  120.0,   0.99533
"2079", 13.8, 1,    7929.06,    0.0,   0.99518, 2,     7929.1, -120.0,   0.99519, 3,    7929.08,  120.0,   0.99519
"2080", 13.8, 1,    7929.06,    0.0,   0.99518, 2,    7929.09, -120.0,   0.99519, 3,    7929.08,  120.0,   0.99519
"2081", 13.8, 1,    7929.02,    0.0,   0.99518, 2,    7929.05, -120.0,   0.99518, 3,    7929.04,  120.0,   0.99518
"2082", 13.8, 1,    7928.97,    0.0,   0.99517, 2,    7929.01, -120.0,   0.99518, 3,       7929,  120.0,   0.99518
"2083", 13.8, 1,    7928.93,    0.0,   0.99517, 2,    7928.97, -120.0,   0.99517, 3,    7928.95,  120.0,   0.99517
"2084", 13.8, 1,    7928.89,    0.0,   0.99516, 2,    7928.92, -120.0,   0.99517, 3,    7928.91,  120.0,   0.99517
"2085", 13.8, 1,    7928.85,    0.0,   0.99516, 2,    7928.88, -120.0,   0.99516, 3,    7928.87,  120.0,   0.99516
"2086", 13.8, 1,     7928.8,    0.0,   0.99515, 2,    7928.84, -120.0,   0.99516, 3,    7928.83,  120.0,   0.99515
"2087", 13.8, 1,    7928.79,    0.0,   0.99515, 2,    7928.82, -120.0,   0.99515, 3,    7928.81,  120.0,   0.99515
"2089", 13.8, 1,    7928.78,    0.0,   0.99515, 2,    7928.81, -120.0,   0.99515, 3,     7928.8,  120.0,   0.99515
"2090", 13.8, 1,    7928.75,    0.0,   0.99514, 2,    7928.79, -120.0,   0.99515, 3,    7928.77,  120.0,   0.99515
"2092", 13.8, 1,    7927.95,    0.0,   0.99504, 2,    7927.99, -120.0,   0.99505, 3,    7927.97,  120.0,   0.99505
"2093", 13.8, 1,    7926.84,    0.0,   0.99491, 2,    7926.88, -120.0,   0.99491, 3,    7926.87,  120.0,   0.99491
"2094", 13.8, 1,    7925.73,    0.0,   0.99477, 2,    7925.77, -120.0,   0.99477, 3,    7925.76,  120.0,   0.99477
"2095", 13.8, 1,    7925.71,    0.0,   0.99476, 2,    7925.75, -120.0,   0.99477, 3,    7925.74,  120.0,   0.99477
"2096", 13.8, 1,     7925.7,    0.0,   0.99476, 2,    7925.74, -120.0,   0.99477, 3,    7925.72,  120.0,   0.99476
"2099", 13.8, 1,    7923.56,    0.0,   0.99449, 2,     7923.6, -120.0,    0.9945, 3,    7923.58,  120.0,    0.9945
"2100", 13.8, 1,    7923.54,    0.0,   0.99449, 2,    7923.58, -120.0,    0.9945, 3,    7923.57,  120.0,   0.99449
"2101", 13.8, 1,    7923.52,    0.0,   0.99449, 2,    7923.56, -120.0,   0.99449, 3,    7923.55,  120.0,   0.99449
"2102", 13.8, 1,    7923.51,    0.0,   0.99449, 2,    7923.55, -120.0,   0.99449, 3,    7923.54,  120.0,   0.99449
"2103", 13.8, 1,    7923.49,    0.0,   0.99448, 2,    7923.53, -120.0,   0.99449, 3,    7923.52,  120.0,   0.99449
"2104", 13.8, 1,    7923.48,    0.0,   0.99448, 2,    7923.52, -120.0,   0.99449, 3,     7923.5,  120.0,   0.99449
"2105", 13.8, 1,    7923.46,    0.0,   0.99448, 2,     7923.5, -120.0,   0.99449, 3,    7923.49,  120.0,   0.99448
"2107", 13.8, 1,    7922.49,    0.0,   0.99436, 2,    7922.53, -120.0,   0.99436, 3,    7922.52,  120.0,   0.99436
"2108", 13.8, 1,    7921.43,    0.0,   0.99423, 2,    7921.47, -120.0,   0.99423, 3,    7921.46,  120.0,   0.99423
"2109", 13.8, 1,    7920.37,    0.0,   0.99409, 2,    7920.41, -120.0,    0.9941, 3,     7920.4,  120.0,    0.9941
"2110", 13.8, 1,    7920.35,    0.0,   0.99409, 2,    7920.39, -120.0,    0.9941, 3,    7920.38,  120.0,   0.99409
"2111", 13.8, 1,    7920.34,    0.0,   0.99409, 2,    7920.38, -120.0,   0.99409, 3,    7920.37,  120.0,   0.99409
"2112", 13.8, 1,    7920.32,    0.0,   0.99409, 2,    7920.36, -120.0,   0.99409, 3,    7920.35,  120.0,   0.99409
"2114", 13.8, 1,    7920.32,    0.0,   0.99409, 2,    7920.37, -120.0,   0.99409, 3,    7920.35,  120.0,   0.99409
"2115", 13.8, 1,    7920.28,    0.0,   0.99408, 2,    7920.32, -120.0,   0.99409, 3,    7920.31,  120.0,   0.99409
"2116", 13.8, 1,    7920.24,    0.0,   0.99408, 2,    7920.28, -120.0,   0.99408, 3,    7920.27,  120.0,   0.99408
"2117", 13.8, 1,     7920.2,    0.0,   0.99407, 2,    7920.24, -120.0,   0.99408, 3,    7920.23,  120.0,   0.99408
"2118", 13.8, 1,    7920.17,    0.0,   0.99407, 2,    7920.21, -120.0,   0.99407, 3,     7920.2,  120.0,   0.99407
"2119", 13.8, 1,    7920.14,    0.0,   0.99406, 2,    7920.19, -120.0,   0.99407, 3,    7920.17,  120.0,   0.99407
"2120", 13.8, 1,    7920.12,    0.0,   0.99406, 2,    7920.16, -120.0,   0.99407, 3,    7920.15,  120.0,   0.99407
"2121", 13.8, 1,    7920.09,    0.0,   0.99406, 2,    7920.13, -120.0,   0.99406, 3,    7920.12,  120.0,   0.99406
"2122", 13.8, 1,    7920.06,    0.0,   0.99405, 2,    7920.11, -120.0,   0.99406, 3,    7920.09,  120.0,   0.99406
"2123", 13.8, 1,    7920.04,    0.0,   0.99405, 2,    7920.08, -120.0,   0.99406, 3,    7920.07,  120.0,   0.99406
"2124", 13.8, 1,    7920.01,    0.0,   0.99405, 2,    7920.05, -120.0,   0.99405, 3,    7920.04,  120.0,   0.99405
"2126", 13.8, 1,    7920.18,    0.0,   0.99407, 2,    7920.22, -120.0,   0.99407, 3,    7920.21,  120.0,   0.99407
"2128", 13.8, 1,    7919.36,    0.0,   0.99397, 2,    7919.41, -120.0,   0.99397, 3,    7919.39,  120.0,   0.99397
"2129", 13.8, 1,    7918.36,    0.0,   0.99384, 2,     7918.4, -120.0,   0.99385, 3,    7918.39,  120.0,   0.99384
"2130", 13.8, 1,    7917.35,    0.0,   0.99371, 2,     7917.4, -120.0,   0.99372, 3,    7917.39,  120.0,   0.99372
"2131", 13.8, 1,    7916.35,    0.0,   0.99359, 2,    7916.39, -120.0,   0.99359, 3,    7916.38,  120.0,   0.99359
"2132", 13.8, 1,    7916.32,    0.0,   0.99358, 2,    7916.36, -120.0,   0.99359, 3,    7916.35,  120.0,   0.99359
"2133", 13.8, 1,    7916.29,    0.0,   0.99358, 2,    7916.33, -120.0,   0.99359, 3,    7916.32,  120.0,   0.99358
"2134", 13.8, 1,    7916.25,    0.0,   0.99358, 2,     7916.3, -120.0,   0.99358, 3,    7916.29,  120.0,   0.99358
"2135", 13.8, 1,    7916.22,    0.0,   0.99357, 2,    7916.27, -120.0,   0.99358, 3,    7916.25,  120.0,   0.99358
"2136", 13.8, 1,    7916.21,    0.0,   0.99357, 2,    7916.25, -120.0,   0.99358, 3,    7916.24,  120.0,   0.99357
"2138", 13.8, 1,    7916.21,    0.0,   0.99357, 2,    7916.25, -120.0,   0.99358, 3,    7916.24,  120.0,   0.99357
"2139", 13.8, 1,    7916.19,    0.0,   0.99357, 2,    7916.24, -120.0,   0.99357, 3,    7916.22,  120.0,   0.99357
"2140", 13.8, 1,    7916.17,    0.0,   0.99357, 2,    7916.22, -120.0,   0.99357, 3,    7916.21,  120.0,   0.99357
"2143", 13.8, 1,    7914.42,    0.0,   0.99335, 2,    7914.47, -120.0,   0.99335, 3,    7914.45,  120.0,   0.99335
"2144", 13.8, 1,    7913.46,    0.0,   0.99323, 2,    7913.51, -120.0,   0.99323, 3,     7913.5,  120.0,   0.99323
"2145", 13.8, 1,    7912.51,    0.0,   0.99311, 2,    7912.56, -120.0,   0.99311, 3,    7912.54,  120.0,   0.99311
"2146", 13.8, 1,    7911.55,    0.0,   0.99299, 2,     7911.6, -120.0,   0.99299, 3,    7911.59,  120.0,   0.99299
"2147", 13.8, 1,    7911.53,    0.0,   0.99298, 2,    7911.58, -120.0,   0.99299, 3,    7911.57,  120.0,   0.99299
"2149", 13.8, 1,    7910.61,    0.0,   0.99287, 2,    7910.66, -120.0,   0.99287, 3,    7910.65,  120.0,   0.99287
"2150", 13.8, 1,    7909.67,    0.0,   0.99275, 2,    7909.72, -120.0,   0.99276, 3,    7909.71,  120.0,   0.99275
"2151", 13.8, 1,    7908.73,    0.0,   0.99263, 2,    7908.78, -120.0,   0.99264, 3,    7908.77,  120.0,   0.99264
"2153", 13.8, 1,    7906.86,    0.0,    0.9924, 2,    7906.92, -120.0,    0.9924, 3,     7906.9,  120.0,    0.9924
"2154", 13.8, 1,    7905.94,    0.0,   0.99228, 2,    7905.99, -120.0,   0.99229, 3,    7905.98,  120.0,   0.99229
"2155", 13.8, 1,    7905.91,    0.0,   0.99228, 2,    7905.97, -120.0,   0.99229, 3,    7905.95,  120.0,   0.99228
"2156", 13.8, 1,    7905.88,    0.0,   0.99227, 2,    7905.94, -120.0,   0.99228, 3,    7905.92,  120.0,   0.99228
"2157", 13.8, 1,    7905.86,    0.0,   0.99227, 2,    7905.91, -120.0,   0.99228, 3,     7905.9,  120.0,   0.99228
"2158", 13.8, 1,    7905.83,    0.0,   0.99227, 2,    7905.89, -120.0,   0.99228, 3,    7905.87,  120.0,   0.99227
"2160", 13.8, 1,    7905.04,    0.0,   0.99217, 2,    7905.09, -120.0,   0.99218, 3,    7905.08,  120.0,   0.99217
"2161", 13.8, 1,    7904.14,    0.0,   0.99206, 2,     7904.2, -120.0,   0.99206, 3,    7904.18,  120.0,   0.99206
"2162", 13.8, 1,    7904.11,    0.0,   0.99205, 2,    7904.17, -120.0,   0.99206, 3,    7904.16,  120.0,   0.99206
"2163", 13.8, 1,    7904.09,    0.0,   0.99205, 2,    7904.14, -120.0,   0.99206, 3,    7904.13,  120.0,   0.99205
"2164", 13.8, 1,    7904.06,    0.0,   0.99205, 2,    7904.12, -120.0,   0.99205, 3,     7904.1,  120.0,   0.99205
"2165", 13.8, 1,    7904.03,    0.0,   0.99204, 2,    7904.09, -120.0,   0.99205, 3,    7904.08,  120.0,   0.99205
"2167", 13.8, 1,    7903.27,    0.0,   0.99195, 2,    7903.33, -120.0,   0.99195, 3,    7903.31,  120.0,   0.99195
"2169", 13.8, 1,    7901.55,    0.0,   0.99173, 2,    7901.61, -120.0,   0.99174, 3,     7901.6,  120.0,   0.99174
"2170", 13.8, 1,    7900.71,    0.0,   0.99163, 2,    7900.77, -120.0,   0.99163, 3,    7900.75,  120.0,   0.99163
"2171", 13.8, 1,    7899.86,    0.0,   0.99152, 2,    7899.92, -120.0,   0.99153, 3,    7899.91,  120.0,   0.99152
"2172", 13.8, 1,    7899.02,    0.0,   0.99141, 2,    7899.08, -120.0,   0.99142, 3,    7899.06,  120.0,   0.99142
"2173", 13.8, 1,    7898.88,    0.0,    0.9914, 2,    7898.94, -120.0,    0.9914, 3,    7898.92,  120.0,    0.9914
"2174", 13.8, 1,    7898.03,    0.0,   0.99129, 2,    7898.09, -120.0,    0.9913, 3,    7898.08,  120.0,    0.9913
"2175", 13.8, 1,    7897.19,    0.0,   0.99118, 2,    7897.25, -120.0,   0.99119, 3,    7897.24,  120.0,   0.99119
"2178", 13.8, 1,    7895.52,    0.0,   0.99097, 2,    7895.59, -120.0,   0.99098, 3,    7895.57,  120.0,   0.99098
"2179", 13.8, 1,    7894.71,    0.0,   0.99087, 2,    7894.77, -120.0,   0.99088, 3,    7894.76,  120.0,   0.99088
"2180", 13.8, 1,    7893.89,    0.0,   0.99077, 2,    7893.95, -120.0,   0.99078, 3,    7893.94,  120.0,   0.99078
"2181", 13.8, 1,    7893.88,    0.0,   0.99077, 2,    7893.95, -120.0,   0.99078, 3,    7893.93,  120.0,   0.99077
"2182", 13.8, 1,    7893.86,    0.0,   0.99077, 2,    7893.92, -120.0,   0.99077, 3,    7893.91,  120.0,   0.99077
"2183", 13.8, 1,    7893.83,    0.0,   0.99076, 2,     7893.9, -120.0,   0.99077, 3,    7893.88,  120.0,   0.99077
"2185", 13.8, 1,     7893.1,    0.0,   0.99067, 2,    7893.16, -120.0,   0.99068, 3,    7893.15,  120.0,   0.99068
"2186", 13.8, 1,     7892.3,    0.0,   0.99057, 2,    7892.37, -120.0,   0.99058, 3,    7892.36,  120.0,   0.99058
"2187", 13.8, 1,    7892.28,    0.0,   0.99057, 2,    7892.35, -120.0,   0.99058, 3,    7892.33,  120.0,   0.99057
"2188", 13.8, 1,    7892.25,    0.0,   0.99056, 2,    7892.32, -120.0,   0.99057, 3,     7892.3,  120.0,   0.99057
"2189", 13.8, 1,    7892.22,    0.0,   0.99056, 2,    7892.29, -120.0,   0.99057, 3,    7892.28,  120.0,   0.99057
"2191", 13.8, 1,    7891.54,    0.0,   0.99047, 2,    7891.61, -120.0,   0.99048, 3,    7891.59,  120.0,   0.99048
"2192", 13.8, 1,    7890.77,    0.0,   0.99038, 2,    7890.84, -120.0,   0.99039, 3,    7890.83,  120.0,   0.99039
"2194", 13.8, 1,    7890.04,    0.0,   0.99029, 2,    7890.11, -120.0,   0.99029, 3,    7890.09,  120.0,   0.99029
"2195", 13.8, 1,     7889.3,    0.0,   0.99019, 2,    7889.37, -120.0,    0.9902, 3,    7889.35,  120.0,    0.9902
"2196", 13.8, 1,    7889.29,    0.0,   0.99019, 2,    7889.36, -120.0,    0.9902, 3,    7889.35,  120.0,    0.9902
"2197", 13.8, 1,    7889.27,    0.0,   0.99019, 2,    7889.34, -120.0,    0.9902, 3,    7889.32,  120.0,    0.9902
"2198", 13.8, 1,    7889.24,    0.0,   0.99019, 2,    7889.31, -120.0,   0.99019, 3,    7889.29,  120.0,   0.99019
"2201", 13.8, 1,     7887.9,    0.0,   0.99002, 2,    7887.97, -120.0,   0.99003, 3,    7887.96,  120.0,   0.99002
"2202", 13.8, 1,    7887.22,    0.0,   0.98993, 2,    7887.29, -120.0,   0.98994, 3,    7887.27,  120.0,   0.98994
"2203", 13.8, 1,    7886.53,    0.0,   0.98985, 2,    7886.61, -120.0,   0.98986, 3,    7886.59,  120.0,   0.98985
"2204", 13.8, 1,    7885.85,    0.0,   0.98976, 2,    7885.92, -120.0,   0.98977, 3,     7885.9,  120.0,   0.98977
"2205", 13.8, 1,    7885.16,    0.0,   0.98967, 2,    7885.24, -120.0,   0.98968, 3,    7885.22,  120.0,   0.98968
"2206", 13.8, 1,    7884.48,    0.0,   0.98959, 2,    7884.55, -120.0,    0.9896, 3,    7884.54,  120.0,    0.9896
"2207", 13.8, 1,    7883.79,    0.0,    0.9895, 2,    7883.87, -120.0,   0.98951, 3,    7883.85,  120.0,   0.98951
"2208", 13.8, 1,    7883.25,    0.0,   0.98943, 2,    7883.32, -120.0,   0.98944, 3,    7883.31,  120.0,   0.98944
"2209", 13.8, 1,    7883.65,    0.0,   0.98948, 2,    7883.73, -120.0,   0.98949, 3,    7883.71,  120.0,   0.98949
"2210", 13.8, 1,    7883.52,    0.0,   0.98947, 2,    7883.59, -120.0,   0.98948, 3,    7883.58,  120.0,   0.98948
"2211", 13.8, 1,    7883.38,    0.0,   0.98945, 2,    7883.46, -120.0,   0.98946, 3,    7883.44,  120.0,   0.98946
"2212", 13.8, 1,    7883.24,    0.0,   0.98943, 2,    7883.32, -120.0,   0.98944, 3,     7883.3,  120.0,   0.98944
"2213", 13.8, 1,     7883.1,    0.0,   0.98942, 2,    7883.18, -120.0,   0.98943, 3,    7883.16,  120.0,   0.98942
"2214", 13.8, 1,    7883.07,    0.0,   0.98941, 2,    7883.15, -120.0,   0.98942, 3,    7883.13,  120.0,   0.98942
"2215", 13.8, 1,    7883.04,    0.0,   0.98941, 2,    7883.12, -120.0,   0.98942, 3,     7883.1,  120.0,   0.98942
"2216", 13.8, 1,    7883.01,    0.0,    0.9894, 2,    7883.08, -120.0,   0.98941, 3,    7883.07,  120.0,   0.98941
"2217", 13.8, 1,    7882.98,    0.0,    0.9894, 2,    7883.05, -120.0,   0.98941, 3,    7883.04,  120.0,   0.98941
"2218", 13.8, 1,    7882.94,    0.0,    0.9894, 2,    7883.02, -120.0,   0.98941, 3,       7883,  120.0,    0.9894
"2220", 13.8, 1,     7882.9,    0.0,   0.98939, 2,    7882.97, -120.0,    0.9894, 3,    7882.96,  120.0,    0.9894
"2221", 13.8, 1,    7882.88,    0.0,   0.98939, 2,    7882.96, -120.0,    0.9894, 3,    7882.94,  120.0,    0.9894
"2222", 13.8, 1,    7882.86,    0.0,   0.98939, 2,    7882.94, -120.0,    0.9894, 3,    7882.92,  120.0,   0.98939
"2223", 13.8, 1,    7882.85,    0.0,   0.98938, 2,    7882.93, -120.0,   0.98939, 3,    7882.91,  120.0,   0.98939
"2224", 13.8, 1,    7882.83,    0.0,   0.98938, 2,    7882.91, -120.0,   0.98939, 3,    7882.89,  120.0,   0.98939
"2225", 13.8, 1,    7882.82,    0.0,   0.98938, 2,    7882.89, -120.0,   0.98939, 3,    7882.88,  120.0,   0.98939
"2226", 13.8, 1,     7882.8,    0.0,   0.98938, 2,    7882.88, -120.0,   0.98939, 3,    7882.86,  120.0,   0.98939
"2227", 13.8, 1,    7882.78,    0.0,   0.98938, 2,    7882.86, -120.0,   0.98939, 3,    7882.84,  120.0,   0.98938
"2228", 13.8, 1,    7882.77,    0.0,   0.98937, 2,    7882.85, -120.0,   0.98938, 3,    7882.83,  120.0,   0.98938
"2229", 13.8, 1,    7882.75,    0.0,   0.98937, 2,    7882.83, -120.0,   0.98938, 3,    7882.81,  120.0,   0.98938
"2230", 13.8, 1,    7882.74,    0.0,   0.98937, 2,    7882.81, -120.0,   0.98938, 3,     7882.8,  120.0,   0.98938
"2232", 13.8, 1,    7882.72,    0.0,   0.98937, 2,     7882.8, -120.0,   0.98938, 3,    7882.78,  120.0,   0.98938
"2233", 13.8, 1,    7882.72,    0.0,   0.98937, 2,     7882.8, -120.0,   0.98938, 3,    7882.78,  120.0,   0.98938
"2234", 13.8, 1,    7882.72,    0.0,   0.98937, 2,     7882.8, -120.0,   0.98938, 3,    7882.78,  120.0,   0.98938
"2235", 13.8, 1,       7883,    0.0,    0.9894, 2,    7883.07, -120.0,   0.98941, 3,    7883.06,  120.0,   0.98941
"2236", 13.8, 1,    7882.89,    0.0,   0.98939, 2,    7882.97, -120.0,    0.9894, 3,    7882.95,  120.0,    0.9894
"2238", 13.8, 1,     7882.7,    0.0,   0.98936, 2,    7882.77, -120.0,   0.98937, 3,    7882.76,  120.0,   0.98937
"2239", 13.8, 1,    7882.68,    0.0,   0.98936, 2,    7882.76, -120.0,   0.98937, 3,    7882.74,  120.0,   0.98937
"2240", 13.8, 1,    7882.66,    0.0,   0.98936, 2,    7882.74, -120.0,   0.98937, 3,    7882.72,  120.0,   0.98937
"2242", 13.8, 1,     7882.7,    0.0,   0.98936, 2,    7882.77, -120.0,   0.98937, 3,    7882.76,  120.0,   0.98937
"2243", 13.8, 1,     7882.7,    0.0,   0.98936, 2,    7882.77, -120.0,   0.98937, 3,    7882.76,  120.0,   0.98937
"2244", 13.8, 1,     7882.7,    0.0,   0.98936, 2,    7882.77, -120.0,   0.98937, 3,    7882.76,  120.0,   0.98937
"2245", 13.8, 1,     7882.7,    0.0,   0.98936, 2,    7882.77, -120.0,   0.98937, 3,    7882.76,  120.0,   0.98937
"2246", 13.8, 1,    7882.62,    0.0,   0.98936, 2,     7882.7, -120.0,   0.98936, 3,    7882.68,  120.0,   0.98936
"2247", 13.8, 1,    7882.55,    0.0,   0.98935, 2,    7882.62, -120.0,   0.98936, 3,    7882.61,  120.0,   0.98935
"2248", 13.8, 1,    7882.53,    0.0,   0.98934, 2,    7882.61, -120.0,   0.98935, 3,    7882.59,  120.0,   0.98935
"2249", 13.8, 1,    7882.52,    0.0,   0.98934, 2,    7882.59, -120.0,   0.98935, 3,    7882.58,  120.0,   0.98935
"2251", 13.8, 1,    7882.49,    0.0,   0.98934, 2,    7882.57, -120.0,   0.98935, 3,    7882.55,  120.0,   0.98935
"2252", 13.8, 1,    7882.43,    0.0,   0.98933, 2,    7882.51, -120.0,   0.98934, 3,    7882.49,  120.0,   0.98934
"2254", 13.8, 1,    7882.56,    0.0,   0.98935, 2,    7882.64, -120.0,   0.98936, 3,    7882.62,  120.0,   0.98936
"2255", 13.8, 1,     7882.7,    0.0,   0.98936, 2,    7882.77, -120.0,   0.98937, 3,    7882.76,  120.0,   0.98937
"2256", 13.8, 1,    7882.83,    0.0,   0.98938, 2,    7882.91, -120.0,   0.98939, 3,    7882.89,  120.0,   0.98939
"2257", 13.8, 1,    7882.96,    0.0,    0.9894, 2,    7883.04, -120.0,   0.98941, 3,    7883.02,  120.0,   0.98941
"2258", 13.8, 1,     7883.1,    0.0,   0.98941, 2,    7883.17, -120.0,   0.98942, 3,    7883.16,  120.0,   0.98942
"2260", 13.8, 1,     7883.1,    0.0,   0.98941, 2,    7883.17, -120.0,   0.98942, 3,    7883.16,  120.0,   0.98942
"2262", 13.8, 1,    7882.48,    0.0,   0.98934, 2,    7882.55, -120.0,   0.98935, 3,    7882.54,  120.0,   0.98934
"2263", 13.8, 1,    7882.11,    0.0,   0.98929, 2,    7882.18, -120.0,    0.9893, 3,    7882.17,  120.0,    0.9893
"2264", 13.8, 1,    7881.73,    0.0,   0.98924, 2,    7881.81, -120.0,   0.98925, 3,    7881.79,  120.0,   0.98925
"2265", 13.8, 1,    7881.36,    0.0,    0.9892, 2,    7881.44, -120.0,   0.98921, 3,    7881.42,  120.0,    0.9892
"2266", 13.8, 1,    7880.99,    0.0,   0.98915, 2,    7881.07, -120.0,   0.98916, 3,    7881.05,  120.0,   0.98916
"2267", 13.8, 1,    7882.26,    0.0,   0.98931, 2,    7882.33, -120.0,   0.98932, 3,    7882.32,  120.0,   0.98932
"2268", 13.8, 1,    7882.08,    0.0,   0.98929, 2,    7882.16, -120.0,    0.9893, 3,    7882.14,  120.0,   0.98929
"2270", 13.8, 1,       7882,    0.0,   0.98928, 2,    7882.08, -120.0,   0.98929, 3,    7882.06,  120.0,   0.98928
"2271", 13.8, 1,    7881.97,    0.0,   0.98927, 2,    7882.05, -120.0,   0.98928, 3,    7882.04,  120.0,   0.98928
"2272", 13.8, 1,    7881.95,    0.0,   0.98927, 2,    7882.02, -120.0,   0.98928, 3,    7882.01,  120.0,   0.98928
"2273", 13.8, 1,    7881.92,    0.0,   0.98927, 2,       7882, -120.0,   0.98928, 3,    7881.98,  120.0,   0.98927
"2275", 13.8, 1,    7881.96,    0.0,   0.98927, 2,    7882.04, -120.0,   0.98928, 3,    7882.02,  120.0,   0.98928
"2276", 13.8, 1,    7881.84,    0.0,   0.98926, 2,    7881.92, -120.0,   0.98927, 3,     7881.9,  120.0,   0.98926
"2277", 13.8, 1,    7881.72,    0.0,   0.98924, 2,    7881.79, -120.0,   0.98925, 3,    7881.78,  120.0,   0.98925
"2278", 13.8, 1,    7881.59,    0.0,   0.98923, 2,    7881.67, -120.0,   0.98924, 3,    7881.66,  120.0,   0.98923
"2280", 13.8, 1,    7881.38,    0.0,    0.9892, 2,    7881.46, -120.0,   0.98921, 3,    7881.44,  120.0,   0.98921
"2281", 13.8, 1,    7881.28,    0.0,   0.98919, 2,    7881.36, -120.0,    0.9892, 3,    7881.34,  120.0,   0.98919
"2282", 13.8, 1,    7881.19,    0.0,   0.98918, 2,    7881.27, -120.0,   0.98919, 3,    7881.25,  120.0,   0.98918
"2283", 13.8, 1,    7881.15,    0.0,   0.98917, 2,    7881.22, -120.0,   0.98918, 3,    7881.21,  120.0,   0.98918
"2284", 13.8, 1,     7881.1,    0.0,   0.98916, 2,    7881.18, -120.0,   0.98917, 3,    7881.16,  120.0,   0.98917
"2285", 13.8, 1,    7881.06,    0.0,   0.98916, 2,    7881.14, -120.0,   0.98917, 3,    7881.12,  120.0,   0.98917
"2287", 13.8, 1,    7881.03,    0.0,   0.98916, 2,    7881.11, -120.0,   0.98917, 3,    7881.09,  120.0,   0.98916
"2289", 13.8, 1,    7881.17,    0.0,   0.98917, 2,    7881.25, -120.0,   0.98918, 3,    7881.23,  120.0,   0.98918
"2291", 13.8, 1,    7881.08,    0.0,   0.98916, 2,    7881.16, -120.0,   0.98917, 3,    7881.14,  120.0,   0.98917
"2292", 13.8, 1,    7881.05,    0.0,   0.98916, 2,    7881.12, -120.0,   0.98917, 3,    7881.11,  120.0,   0.98917
"2293", 13.8, 1,    7881.01,    0.0,   0.98915, 2,    7881.09, -120.0,   0.98916, 3,    7881.07,  120.0,   0.98916
"2295", 13.8, 1,       7881,    0.0,   0.98915, 2,    7881.08, -120.0,   0.98916, 3,    7881.06,  120.0,   0.98916
"2297", 13.8, 1,    7880.63,    0.0,    0.9891, 2,    7880.71, -120.0,   0.98911, 3,    7880.69,  120.0,   0.98911
"2298", 13.8, 1,    7880.26,    0.0,   0.98906, 2,    7880.34, -120.0,   0.98907, 3,    7880.32,  120.0,   0.98907
"2299", 13.8, 1,     7879.9,    0.0,   0.98901, 2,    7879.98, -120.0,   0.98902, 3,    7879.96,  120.0,   0.98902
"2300", 13.8, 1,    7879.53,    0.0,   0.98897, 2,    7879.61, -120.0,   0.98898, 3,     7879.6,  120.0,   0.98898
"2301", 13.8, 1,    7879.49,    0.0,   0.98896, 2,    7879.57, -120.0,   0.98897, 3,    7879.55,  120.0,   0.98897
"2302", 13.8, 1,    7879.44,    0.0,   0.98896, 2,    7879.52, -120.0,   0.98897, 3,    7879.51,  120.0,   0.98896
"2303", 13.8, 1,     7879.4,    0.0,   0.98895, 2,    7879.48, -120.0,   0.98896, 3,    7879.46,  120.0,   0.98896
"2305", 13.8, 1,    7879.46,    0.0,   0.98896, 2,    7879.54, -120.0,   0.98897, 3,    7879.52,  120.0,   0.98897
"2307", 13.8, 1,    7879.35,    0.0,   0.98894, 2,    7879.42, -120.0,   0.98895, 3,    7879.41,  120.0,   0.98895
"2308", 13.8, 1,     7879.3,    0.0,   0.98894, 2,    7879.38, -120.0,   0.98895, 3,    7879.36,  120.0,   0.98895
"2309", 13.8, 1,    7879.26,    0.0,   0.98893, 2,    7879.34, -120.0,   0.98894, 3,    7879.32,  120.0,   0.98894
"2310", 13.8, 1,    7879.21,    0.0,   0.98893, 2,    7879.29, -120.0,   0.98894, 3,    7879.27,  120.0,   0.98894
"2311", 13.8, 1,    7879.17,    0.0,   0.98892, 2,    7879.25, -120.0,   0.98893, 3,    7879.23,  120.0,   0.98893
"2312", 13.8, 1,    7879.12,    0.0,   0.98892, 2,     7879.2, -120.0,   0.98893, 3,    7879.19,  120.0,   0.98892
"2313", 13.8, 1,    7879.08,    0.0,   0.98891, 2,    7879.16, -120.0,   0.98892, 3,    7879.14,  120.0,   0.98892
"2315", 13.8, 1,    7879.31,    0.0,   0.98894, 2,    7879.39, -120.0,   0.98895, 3,    7879.37,  120.0,   0.98895
"2316", 13.8, 1,    7879.09,    0.0,   0.98891, 2,    7879.17, -120.0,   0.98892, 3,    7879.15,  120.0,   0.98892
"2317", 13.8, 1,    7878.87,    0.0,   0.98888, 2,    7878.95, -120.0,   0.98889, 3,    7878.93,  120.0,   0.98889
"2319", 13.8, 1,    7878.67,    0.0,   0.98886, 2,    7878.75, -120.0,   0.98887, 3,    7878.73,  120.0,   0.98887
"2320", 13.8, 1,    7878.48,    0.0,   0.98883, 2,    7878.56, -120.0,   0.98884, 3,    7878.54,  120.0,   0.98884
"2321", 13.8, 1,    7878.48,    0.0,   0.98883, 2,    7878.56, -120.0,   0.98884, 3,    7878.54,  120.0,   0.98884
"2322", 13.8, 1,    7878.48,    0.0,   0.98883, 2,    7878.56, -120.0,   0.98884, 3,    7878.54,  120.0,   0.98884
"2324", 13.8, 1,    7878.28,    0.0,   0.98881, 2,    7878.36, -120.0,   0.98882, 3,    7878.34,  120.0,   0.98882
"2325", 13.8, 1,    7878.08,    0.0,   0.98879, 2,    7878.17, -120.0,    0.9888, 3,    7878.15,  120.0,   0.98879
"2326", 13.8, 1,    7877.89,    0.0,   0.98876, 2,    7877.97, -120.0,   0.98877, 3,    7877.95,  120.0,   0.98877
"2328", 13.8, 1,    7877.52,    0.0,   0.98872, 2,    7877.61, -120.0,   0.98873, 3,    7877.59,  120.0,   0.98872
"2329", 13.8, 1,    7877.36,    0.0,   0.98869, 2,    7877.44, -120.0,    0.9887, 3,    7877.42,  120.0,    0.9887
"2330", 13.8, 1,    7877.19,    0.0,   0.98867, 2,    7877.27, -120.0,   0.98868, 3,    7877.25,  120.0,   0.98868
"2331", 13.8, 1,    7877.02,    0.0,   0.98865, 2,     7877.1, -120.0,   0.98866, 3,    7877.08,  120.0,   0.98866
"2333", 13.8, 1,    7876.71,    0.0,   0.98861, 2,    7876.79, -120.0,   0.98862, 3,    7876.77,  120.0,   0.98862
"2334", 13.8, 1,    7876.57,    0.0,    0.9886, 2,    7876.65, -120.0,   0.98861, 3,    7876.63,  120.0,    0.9886
"2335", 13.8, 1,    7876.54,    0.0,   0.98859, 2,    7876.62, -120.0,    0.9886, 3,     7876.6,  120.0,    0.9886
"2336", 13.8, 1,    7876.51,    0.0,   0.98859, 2,    7876.59, -120.0,    0.9886, 3,    7876.57,  120.0,    0.9886
"2338", 13.8, 1,    7876.51,    0.0,   0.98859, 2,    7876.59, -120.0,    0.9886, 3,    7876.58,  120.0,    0.9886
"2339", 13.8, 1,    7876.46,    0.0,   0.98858, 2,    7876.54, -120.0,   0.98859, 3,    7876.52,  120.0,   0.98859
"2340", 13.8, 1,    7876.41,    0.0,   0.98857, 2,    7876.49, -120.0,   0.98859, 3,    7876.47,  120.0,   0.98858
"2341", 13.8, 1,    7876.38,    0.0,   0.98857, 2,    7876.46, -120.0,   0.98858, 3,    7876.44,  120.0,   0.98858
"2343", 13.8, 1,    7876.38,    0.0,   0.98857, 2,    7876.46, -120.0,   0.98858, 3,    7876.44,  120.0,   0.98858
"2344", 13.8, 1,    7876.35,    0.0,   0.98857, 2,    7876.43, -120.0,   0.98858, 3,    7876.42,  120.0,   0.98858
"2346", 13.8, 1,    7876.33,    0.0,   0.98856, 2,    7876.41, -120.0,   0.98858, 3,    7876.39,  120.0,   0.98857
"2348", 13.8, 1,    7876.51,    0.0,   0.98859, 2,    7876.59, -120.0,    0.9886, 3,    7876.57,  120.0,    0.9886
"2349", 13.8, 1,    7876.45,    0.0,   0.98858, 2,    7876.53, -120.0,   0.98859, 3,    7876.51,  120.0,   0.98859
"2350", 13.8, 1,    7876.45,    0.0,   0.98858, 2,    7876.53, -120.0,   0.98859, 3,    7876.51,  120.0,   0.98859
"2351", 13.8, 1,    7876.45,    0.0,   0.98858, 2,    7876.53, -120.0,   0.98859, 3,    7876.51,  120.0,   0.98859
"2352", 13.8, 1,    7876.45,    0.0,   0.98858, 2,    7876.53, -120.0,   0.98859, 3,    7876.51,  120.0,   0.98859
"2355", 13.8, 1,    7876.43,    0.0,   0.98858, 2,    7876.51, -120.0,   0.98859, 3,    7876.49,  120.0,   0.98859
"2356", 13.8, 1,    7876.41,    0.0,   0.98858, 2,    7876.49, -120.0,   0.98859, 3,    7876.48,  120.0,   0.98858
"2357", 13.8, 1,     7876.4,    0.0,   0.98857, 2,    7876.48, -120.0,   0.98858, 3,    7876.46,  120.0,   0.98858
"2358", 13.8, 1,    7876.38,    0.0,   0.98857, 2,    7876.46, -120.0,   0.98858, 3,    7876.44,  120.0,   0.98858
"2359", 13.8, 1,    7876.36,    0.0,   0.98857, 2,    7876.45, -120.0,   0.98858, 3,    7876.43,  120.0,   0.98858
"2361", 13.8, 1,    7876.35,    0.0,   0.98857, 2,    7876.43, -120.0,   0.98858, 3,    7876.41,  120.0,   0.98858
"2362", 13.8, 1,    7876.35,    0.0,   0.98857, 2,    7876.43, -120.0,   0.98858, 3,    7876.41,  120.0,   0.98858
"2363", 13.8, 1,    7876.35,    0.0,   0.98857, 2,    7876.43, -120.0,   0.98858, 3,    7876.41,  120.0,   0.98858
"2364", 13.8, 1,    7876.35,    0.0,   0.98857, 2,    7876.43, -120.0,   0.98858, 3,    7876.41,  120.0,   0.98858
"2365", 13.8, 1,    7876.35,    0.0,   0.98857, 2,    7876.43, -120.0,   0.98858, 3,    7876.41,  120.0,   0.98858
"2366", 13.8, 1,    7876.35,    0.0,   0.98857, 2,    7876.43, -120.0,   0.98858, 3,    7876.41,  120.0,   0.98858
"2367", 13.8, 1,    7876.35,    0.0,   0.98857, 2,    7876.43, -120.0,   0.98858, 3,    7876.41,  120.0,   0.98858
"2368", 13.8, 1,    7876.35,    0.0,   0.98857, 2,    7876.43, -120.0,   0.98858, 3,    7876.41,  120.0,   0.98858
"2369", 13.8, 1,    7876.35,    0.0,   0.98857, 2,    7876.43, -120.0,   0.98858, 3,    7876.41,  120.0,   0.98858
"2370", 13.8, 1,    7876.35,    0.0,   0.98857, 2,    7876.43, -120.0,   0.98858, 3,    7876.41,  120.0,   0.98858
"2371", 13.8, 1,    7876.35,    0.0,   0.98857, 2,    7876.43, -120.0,   0.98858, 3,    7876.41,  120.0,   0.98858
"2372", 13.8, 1,    7876.35,    0.0,   0.98857, 2,    7876.43, -120.0,   0.98858, 3,    7876.41,  120.0,   0.98858
"2373", 13.8, 1,    7876.35,    0.0,   0.98857, 2,    7876.43, -120.0,   0.98858, 3,    7876.41,  120.0,   0.98858
